table_schema,table_name,column_name,data_type
access,assistant_events,account_id,string
access,assistant_events,workspace_id,string
access,assistant_events,event_id,string
access,assistant_events,event_time,timestamp
access,assistant_events,event_date,date
access,assistant_events,user_agent,string
access,assistant_events,initiated_by,string
access,audit,account_id,string
access,audit,workspace_id,string
access,audit,version,string
access,audit,event_time,timestamp
access,audit,event_date,date
access,audit,source_ip_address,string
access,audit,user_agent,string
access,audit,session_id,string
access,audit,user_identity,"struct<email:string,subject_name:string>"
access,audit,service_name,string
access,audit,action_name,string
access,audit,request_id,string
access,audit,request_params,"map<string,string>"
access,audit,response,"struct<status_code:int,error_message:string,result:string>"
access,audit,audit_level,string
access,audit,event_id,string
access,audit,identity_metadata,"struct<run_by:string,run_as:string,acting_resource:string,run_by_display_name:string,run_as_display_name:string>"
access,clean_room_events,account_id,string
access,clean_room_events,metastore_id,string
access,clean_room_events,event_id,string
access,clean_room_events,clean_room_name,string
access,clean_room_events,central_clean_room_id,string
access,clean_room_events,initiator_global_metastore_id,string
access,clean_room_events,event_type,string
access,clean_room_events,clean_room_created_metadata,"struct<collaborators:array<struct<collaborator_global_metastore_id:string,collaborator_alias:string>>,egress_network_policy:struct<internet_access:struct<restriction_mode:string,allowed_internet_destinations:array<struct<destination:string,type:string,protocol:string>>>>,compliance_profile:struct<is_enabled:boolean,compliance_standards:array<string>>>"
access,clean_room_events,clean_room_deleted_metadata,struct<central_clean_room_id:string>
access,clean_room_events,run_notebook_started_metadata,"struct<notebook_name:string,notebook_checksum:string,run_id:string,notebook_etag:string,notebook_update_time:timestamp>"
access,clean_room_events,run_notebook_completed_metadata,"struct<notebook_name:string,run_id:string,state:string,duration_in_seconds:int,output_schema:struct<name:string,owner_global_metastore_id:string,action:string,expire_time:timestamp,assets_added:array<struct<name:string,data_object_type:string>>>>"
access,clean_room_events,clean_room_assets_updated_metadata,"struct<added_assets:array<struct<data_object_type:string,catalog:string,name:string,notebook_metadata:struct<etag:string,checksum:string,runner_collaborator_aliases:array<string>>>>,updated_assets:array<struct<data_object_type:string,catalog:string,name:string,notebook_metadata:struct<etag:string,checksum:string,runner_collaborator_aliases:array<string>>>>,removed_assets:array<struct<data_object_type:string,catalog:string,name:string,notebook_metadata:struct<etag:string,checksum:string,runner_collaborator_aliases:array<string>>>>>"
access,clean_room_events,event_time,timestamp
access,clean_room_events,output_schema_deleted_metadata,"struct<name:string,owner_global_metastore_id:string,action:string,expire_time:timestamp>"
access,clean_room_events,initiator_collaborator_alias,string
access,clean_room_events,asset_review_created_metadata,"struct<asset_name:string,data_object_type:string,review_state:string,review_sub_reason:string,auto_approval_rule_id:string,notebook_metadata:struct<etag:string>>"
access,column_lineage,account_id,string
access,column_lineage,metastore_id,string
access,column_lineage,workspace_id,string
access,column_lineage,entity_type,string
access,column_lineage,entity_id,string
access,column_lineage,entity_run_id,string
access,column_lineage,source_table_full_name,string
access,column_lineage,source_table_catalog,string
access,column_lineage,source_table_schema,string
access,column_lineage,source_table_name,string
access,column_lineage,source_path,string
access,column_lineage,source_type,string
access,column_lineage,source_column_name,string
access,column_lineage,target_table_full_name,string
access,column_lineage,target_table_catalog,string
access,column_lineage,target_table_schema,string
access,column_lineage,target_table_name,string
access,column_lineage,target_path,string
access,column_lineage,target_type,string
access,column_lineage,target_column_name,string
access,column_lineage,created_by,string
access,column_lineage,event_time,timestamp
access,column_lineage,event_date,date
access,column_lineage,record_id,string
access,column_lineage,event_id,string
access,column_lineage,statement_id,string
access,column_lineage,entity_metadata,"struct<job_info:struct<job_id:string,job_run_id:string>,dashboard_id:string,legacy_dashboard_id:string,notebook_id:string,sql_query_id:string,dlt_pipeline_info:struct<dlt_pipeline_id:string,dlt_update_id:string>,genie_space_id:string,alert_id:string>"
access,column_lineage,direct_access,boolean
access,inbound_network,account_id,string
access,inbound_network,workspace_id,string
access,inbound_network,event_id,string
access,inbound_network,request_path,string
access,inbound_network,source,struct<ip:string>
access,inbound_network,authenticated_as,string
access,inbound_network,event_time,timestamp
access,inbound_network,policy_outcome,string
access,inbound_network,rule_label,string
access,outbound_network,account_id,string
access,outbound_network,workspace_id,string
access,outbound_network,destination_type,string
access,outbound_network,destination,string
access,outbound_network,dns_event,"struct<domain_name:string,rcode:int,rdata:array<string>>"
access,outbound_network,storage_event,"struct<hostname:string,path:string,rejection_reason:string,rdata:array<string>>"
access,outbound_network,event_time,timestamp
access,outbound_network,access_type,string
access,outbound_network,event_id,string
access,outbound_network,network_source_type,string
access,table_lineage,account_id,string
access,table_lineage,metastore_id,string
access,table_lineage,workspace_id,string
access,table_lineage,entity_type,string
access,table_lineage,entity_id,string
access,table_lineage,entity_run_id,string
access,table_lineage,source_table_full_name,string
access,table_lineage,source_table_catalog,string
access,table_lineage,source_table_schema,string
access,table_lineage,source_table_name,string
access,table_lineage,source_path,string
access,table_lineage,source_type,string
access,table_lineage,target_table_full_name,string
access,table_lineage,target_table_catalog,string
access,table_lineage,target_table_schema,string
access,table_lineage,target_table_name,string
access,table_lineage,target_path,string
access,table_lineage,target_type,string
access,table_lineage,created_by,string
access,table_lineage,event_time,timestamp
access,table_lineage,event_date,date
access,table_lineage,record_id,string
access,table_lineage,event_id,string
access,table_lineage,statement_id,string
access,table_lineage,entity_metadata,"struct<job_info:struct<job_id:string,job_run_id:string>,dashboard_id:string,legacy_dashboard_id:string,notebook_id:string,sql_query_id:string,dlt_pipeline_info:struct<dlt_pipeline_id:string,dlt_update_id:string>,genie_space_id:string,alert_id:string>"
access,table_lineage,direct_access,boolean
access,workspaces_latest,account_id,string
access,workspaces_latest,workspace_id,string
access,workspaces_latest,workspace_name,string
access,workspaces_latest,workspace_url,string
access,workspaces_latest,create_time,timestamp
access,workspaces_latest,status,string
ai_gateway,external_model_spend,record_id,string
ai_gateway,external_model_spend,account_id,string
ai_gateway,external_model_spend,workspace_id,string
ai_gateway,external_model_spend,usage_date,date
ai_gateway,external_model_spend,usage_start_time,timestamp
ai_gateway,external_model_spend,usage_end_time,timestamp
ai_gateway,external_model_spend,ingestion_date,date
ai_gateway,external_model_spend,usage_metadata,"struct<provider:string,model:string,endpoint_id:string,endpoint_name:string,destination_id:string,destination_name:string>"
ai_gateway,external_model_spend,custom_tags,"struct<endpoint_tags:map<string,string>,request_tags:map<string,string>>"
ai_gateway,external_model_spend,usage_unit,string
ai_gateway,external_model_spend,usage_quantity,"decimal(38,18)"
ai_gateway,external_model_spend,pricing_metadata,"struct<service_tier:string,long_context:boolean>"
ai_gateway,external_model_spend,identity_metadata,"struct<run_by:string,run_as:string>"
ai_gateway,usage,account_id,string
ai_gateway,usage,workspace_id,string
ai_gateway,usage,request_id,string
ai_gateway,usage,schema_version,int
ai_gateway,usage,endpoint_id,string
ai_gateway,usage,endpoint_name,string
ai_gateway,usage,endpoint_tags,"map<string,string>"
ai_gateway,usage,endpoint_metadata,"struct<creator:string,creation_time:timestamp,last_updated_time:timestamp,destinations:array<struct<name:string,traffic_percent:double,type:string>>,inference_table:string,fallbacks:array<struct<name:string,traffic_percent:double,type:string>>>"
ai_gateway,usage,event_time,timestamp
ai_gateway,usage,latency_ms,bigint
ai_gateway,usage,time_to_first_byte_ms,bigint
ai_gateway,usage,destination_type,string
ai_gateway,usage,destination_name,string
ai_gateway,usage,destination_id,string
ai_gateway,usage,destination_model,string
ai_gateway,usage,requester,string
ai_gateway,usage,requester_type,string
ai_gateway,usage,ip_address,string
ai_gateway,usage,url,string
ai_gateway,usage,user_agent,string
ai_gateway,usage,api_type,string
ai_gateway,usage,request_tags,"map<string,string>"
ai_gateway,usage,input_tokens,bigint
ai_gateway,usage,output_tokens,bigint
ai_gateway,usage,total_tokens,bigint
ai_gateway,usage,token_details,"struct<cache_read_input_tokens:bigint,cache_creation_input_tokens:bigint,output_reasoning_tokens:bigint>"
ai_gateway,usage,response_content_type,string
ai_gateway,usage,status_code,int
ai_gateway,usage,routing_information,"struct<attempts:array<struct<priority:string,action:string,destination:string,destination_id:string,status_code:int,error_code:string,latency_ms:bigint,start_time:timestamp,end_time:timestamp>>>"
ai_gateway,usage,invocation_id,string
ai_gateway,usage,invocation_metadata,"struct<source:string,service_tier:string>"
ai_gateway,usage,service_type,string
ai_gateway,usage,service_id,string
ai_gateway,usage,service_name,string
ai_gateway,usage,service_tags,"map<string,string>"
ai_gateway,usage,mcp_metadata,"struct<tool_name:string,server_type:string,client_name:string,json_rpc_method:string>"
billing,list_prices,account_id,string
billing,list_prices,price_start_time,timestamp
billing,list_prices,price_end_time,timestamp
billing,list_prices,sku_name,string
billing,list_prices,cloud,string
billing,list_prices,currency_code,string
billing,list_prices,usage_unit,string
billing,list_prices,pricing,"struct<default:decimal(38,18),promotional:struct<default:decimal(38,18)>,effective_list:struct<default:decimal(38,18)>>"
billing,usage,account_id,string
billing,usage,workspace_id,string
billing,usage,record_id,string
billing,usage,sku_name,string
billing,usage,cloud,string
billing,usage,usage_start_time,timestamp
billing,usage,usage_end_time,timestamp
billing,usage,usage_date,date
billing,usage,custom_tags,"map<string,string>"
billing,usage,usage_unit,string
billing,usage,usage_quantity,"decimal(38,18)"
billing,usage,usage_metadata,"struct<cluster_id:string,job_id:string,warehouse_id:string,instance_pool_id:string,node_type:string,job_run_id:string,notebook_id:string,dlt_pipeline_id:string,endpoint_name:string,endpoint_id:string,dlt_update_id:string,dlt_maintenance_id:string,run_name:string,job_name:string,notebook_path:string,central_clean_room_id:string,source_region:string,destination_region:string,app_id:string,app_name:string,metastore_id:string,private_endpoint_name:string,storage_api_type:string,budget_policy_id:string,ai_runtime_pool_id:string,ai_runtime_workload_id:string,uc_table_catalog:string,uc_table_schema:string,uc_table_name:string,database_instance_id:string,sharing_materialization_id:string,schema_id:string,usage_policy_id:string,base_environment_id:string,agent_bricks_id:string,index_id:string,catalog_id:string,project_id:string,branch_id:string,table_id:string,supervisor_agent_id:string,networking_client:string,associated_product:string,recipient_id:string,interactive_source:string,snapshot_id:string,ai_gateway:struct<endpoint_name:string,endpoint_id:string,destination_id:string,destination_model:string>,genie:struct<surface:string,channel:string,agent_id:string>,data_source:string,operation:string,serverless_compute_id:string,entity_full_name:string,failover_group_name:string>"
billing,usage,identity_metadata,"struct<run_as:string,created_by:string,owned_by:string,run_by:string>"
billing,usage,record_type,string
billing,usage,ingestion_date,date
billing,usage,billing_origin_product,string
billing,usage,product_features,"struct<jobs_tier:string,sql_tier:string,dlt_tier:string,is_serverless:boolean,is_photon:boolean,serving_type:string,networking:struct<connectivity_type:string>,ai_runtime:struct<compute_type:string>,model_serving:struct<offering_type:string,reservation_term:string>,ai_gateway:struct<feature_type:string>,serverless_gpu:struct<workload_type:string>,agent_bricks:struct<problem_type:string,workload_type:string>,performance_target:string,ai_functions:struct<ai_function:string>,apps:struct<compute_size:string>,lakeflow_connect:struct<task_type:string,zerobus_request_type:string>,lakebase:struct<storage_type:string,compute_type:string>,ai_bi_genie:struct<capability_type:string,offering_type:string>,genie:struct<offering_type:string>>"
billing,usage,usage_type,string
compute,clusters,account_id,string
compute,clusters,workspace_id,string
compute,clusters,cluster_id,string
compute,clusters,cluster_name,string
compute,clusters,owned_by,string
compute,clusters,create_time,timestamp
compute,clusters,delete_time,timestamp
compute,clusters,driver_node_type,string
compute,clusters,worker_node_type,string
compute,clusters,worker_count,bigint
compute,clusters,min_autoscale_workers,bigint
compute,clusters,max_autoscale_workers,bigint
compute,clusters,auto_termination_minutes,bigint
compute,clusters,enable_elastic_disk,boolean
compute,clusters,tags,"map<string,string>"
compute,clusters,cluster_source,string
compute,clusters,init_scripts,array<string>
compute,clusters,aws_attributes,"struct<first_on_demand:bigint,availability:string,zone_id:string,instance_profile_arn:string,spot_bid_price_percent:bigint,ebs_volume_type:string,ebs_volume_count:bigint,ebs_volume_size:bigint,ebs_volume_iops:bigint,ebs_volume_throughput:bigint>"
compute,clusters,azure_attributes,"struct<first_on_demand:bigint,availability:string,spot_bid_max_price:double>"
compute,clusters,gcp_attributes,"struct<use_preemptible_executors:boolean,google_service_account:string,boot_disk_size:bigint,availability:string,zone_id:string,local_ssd_count:bigint>"
compute,clusters,driver_instance_pool_id,string
compute,clusters,worker_instance_pool_id,string
compute,clusters,dbr_version,string
compute,clusters,change_time,timestamp
compute,clusters,change_date,date
compute,clusters,data_security_mode,string
compute,clusters,policy_id,string
compute,instance_events,account_id,string
compute,instance_events,workspace_id,string
compute,instance_events,instance_id,string
compute,instance_events,event_time,timestamp
compute,instance_events,event_type,string
compute,instance_events,instance_pool_id,string
compute,instance_events,cluster_id,string
compute,instance_events,node_type,string
compute,instance_events,state,string
compute,instance_events,availability_type,string
compute,instance_pools,account_id,string
compute,instance_pools,workspace_id,string
compute,instance_pools,instance_pool_id,string
compute,instance_pools,change_time,timestamp
compute,instance_pools,create_time,timestamp
compute,instance_pools,delete_time,timestamp
compute,instance_pools,instance_pool_name,string
compute,instance_pools,tags,"map<string,string>"
compute,instance_pools,node_type,string
compute,instance_pools,idle_instance_autotermination_minutes,bigint
compute,instance_pools,min_idle_instances,bigint
compute,instance_pools,max_capacity,bigint
compute,instance_pools,enable_elastic_disk,boolean
compute,instance_pools,disk_spec,"struct<disk_type:string,disk_count:bigint,disk_size:bigint,disk_iops:bigint,disk_throughput:bigint>"
compute,instance_pools,preloaded_docker_images,array<string>
compute,instance_pools,preloaded_spark_version,string
compute,instance_pools,aws_attributes,"struct<availability:string,zone_id:string,spot_bid_price_percent:bigint>"
compute,instance_pools,azure_attributes,"struct<availability:string,spot_bid_max_price:double>"
compute,instance_pools,gcp_attributes,"struct<zone_id:string,local_ssd_count:bigint,availability:string>"
compute,node_timeline,account_id,string
compute,node_timeline,workspace_id,string
compute,node_timeline,cluster_id,string
compute,node_timeline,instance_id,string
compute,node_timeline,start_time,timestamp
compute,node_timeline,end_time,timestamp
compute,node_timeline,driver,boolean
compute,node_timeline,cpu_user_percent,double
compute,node_timeline,cpu_system_percent,double
compute,node_timeline,cpu_wait_percent,double
compute,node_timeline,mem_used_percent,double
compute,node_timeline,mem_swap_percent,double
compute,node_timeline,network_sent_bytes,bigint
compute,node_timeline,network_received_bytes,bigint
compute,node_timeline,disk_free_bytes_per_mount_point,"map<string,bigint>"
compute,node_timeline,node_type,string
compute,node_timeline,private_ip,string
compute,node_types,account_id,string
compute,node_types,node_type,string
compute,node_types,core_count,double
compute,node_types,memory_mb,bigint
compute,node_types,gpu_count,bigint
compute,warehouse_events,account_id,string
compute,warehouse_events,workspace_id,string
compute,warehouse_events,warehouse_id,string
compute,warehouse_events,event_type,string
compute,warehouse_events,cluster_count,int
compute,warehouse_events,event_time,timestamp
compute,warehouses,warehouse_id,string
compute,warehouses,workspace_id,string
compute,warehouses,account_id,string
compute,warehouses,warehouse_name,string
compute,warehouses,warehouse_type,string
compute,warehouses,warehouse_channel,string
compute,warehouses,warehouse_size,string
compute,warehouses,min_clusters,int
compute,warehouses,max_clusters,int
compute,warehouses,auto_stop_minutes,int
compute,warehouses,tags,"map<string,string>"
compute,warehouses,change_time,timestamp
compute,warehouses,delete_time,timestamp
compute,warehouses,created_by,string
lakeflow,job_run_timeline,account_id,string
lakeflow,job_run_timeline,workspace_id,string
lakeflow,job_run_timeline,job_id,string
lakeflow,job_run_timeline,run_id,string
lakeflow,job_run_timeline,period_start_time,timestamp
lakeflow,job_run_timeline,period_end_time,timestamp
lakeflow,job_run_timeline,trigger_type,string
lakeflow,job_run_timeline,result_state,string
lakeflow,job_run_timeline,run_type,string
lakeflow,job_run_timeline,run_name,string
lakeflow,job_run_timeline,compute_ids,array<string>
lakeflow,job_run_timeline,termination_code,string
lakeflow,job_run_timeline,job_parameters,"map<string,map<string,string>>"
lakeflow,job_run_timeline,source_task_run_id,string
lakeflow,job_run_timeline,root_task_run_id,string
lakeflow,job_run_timeline,compute,"array<struct<type:string,cluster_id:string,warehouse_id:string>>"
lakeflow,job_run_timeline,termination_type,string
lakeflow,job_run_timeline,setup_duration_seconds,bigint
lakeflow,job_run_timeline,queue_duration_seconds,bigint
lakeflow,job_run_timeline,run_duration_seconds,bigint
lakeflow,job_run_timeline,cleanup_duration_seconds,bigint
lakeflow,job_run_timeline,execution_duration_seconds,bigint
lakeflow,job_task_run_timeline,account_id,string
lakeflow,job_task_run_timeline,workspace_id,string
lakeflow,job_task_run_timeline,job_id,string
lakeflow,job_task_run_timeline,run_id,string
lakeflow,job_task_run_timeline,period_start_time,timestamp
lakeflow,job_task_run_timeline,period_end_time,timestamp
lakeflow,job_task_run_timeline,task_key,string
lakeflow,job_task_run_timeline,compute_ids,array<string>
lakeflow,job_task_run_timeline,result_state,string
lakeflow,job_task_run_timeline,job_run_id,string
lakeflow,job_task_run_timeline,parent_run_id,string
lakeflow,job_task_run_timeline,termination_code,string
lakeflow,job_task_run_timeline,compute,"array<struct<type:string,cluster_id:string,warehouse_id:string>>"
lakeflow,job_task_run_timeline,termination_type,string
lakeflow,job_task_run_timeline,task_parameters,"map<string,map<string,string>>"
lakeflow,job_task_run_timeline,setup_duration_seconds,bigint
lakeflow,job_task_run_timeline,cleanup_duration_seconds,bigint
lakeflow,job_task_run_timeline,execution_duration_seconds,bigint
lakeflow,job_tasks,account_id,string
lakeflow,job_tasks,workspace_id,string
lakeflow,job_tasks,job_id,string
lakeflow,job_tasks,task_key,string
lakeflow,job_tasks,depends_on_keys,array<string>
lakeflow,job_tasks,change_time,timestamp
lakeflow,job_tasks,delete_time,timestamp
lakeflow,job_tasks,timeout_seconds,bigint
lakeflow,job_tasks,health_rules,"array<struct<metric:string,operator:string,value:bigint>>"
lakeflow,jobs,account_id,string
lakeflow,jobs,workspace_id,string
lakeflow,jobs,job_id,string
lakeflow,jobs,name,string
lakeflow,jobs,creator_id,string
lakeflow,jobs,tags,"map<string,string>"
lakeflow,jobs,run_as,string
lakeflow,jobs,change_time,timestamp
lakeflow,jobs,delete_time,timestamp
lakeflow,jobs,description,string
lakeflow,jobs,trigger,"struct<file_arrival:struct<url:string,min_time_between_triggers_seconds:int,wait_after_last_change_seconds:int>,periodic:struct<interval:int,units:string>,continuous:struct<enabled:boolean>,table_update:struct<table_names:array<string>,min_time_between_triggers_seconds:bigint,wait_after_last_change_seconds:bigint,condition:string>,schedule:struct<quartz_cron_expression:string,timezone_id:string>>"
lakeflow,jobs,trigger_type,string
lakeflow,jobs,run_as_user_name,string
lakeflow,jobs,creator_user_name,string
lakeflow,jobs,paused,boolean
lakeflow,jobs,timeout_seconds,bigint
lakeflow,jobs,health_rules,"array<struct<metric:string,operator:string,value:bigint>>"
lakeflow,jobs,deployment,"struct<kind:string,metadata_file_path:string>"
lakeflow,jobs,create_time,timestamp
lakeflow,pipeline_update_timeline,workspace_id,string
lakeflow,pipeline_update_timeline,pipeline_id,string
lakeflow,pipeline_update_timeline,update_id,string
lakeflow,pipeline_update_timeline,update_type,string
lakeflow,pipeline_update_timeline,request_id,string
lakeflow,pipeline_update_timeline,run_as_user_name,string
lakeflow,pipeline_update_timeline,trigger_type,string
lakeflow,pipeline_update_timeline,trigger_details,"struct<job_task:struct<job_id:string,job_task_run_id:string,performance_target:string>>"
lakeflow,pipeline_update_timeline,result_state,string
lakeflow,pipeline_update_timeline,compute,"struct<type:string,cluster_id:string>"
lakeflow,pipeline_update_timeline,period_start_time,timestamp
lakeflow,pipeline_update_timeline,period_end_time,timestamp
lakeflow,pipeline_update_timeline,refresh_selection,"array<struct<table_catalog:string,table_schema:string,table_name:string>>"
lakeflow,pipeline_update_timeline,full_refresh_selection,"array<struct<table_catalog:string,table_schema:string,table_name:string>>"
lakeflow,pipeline_update_timeline,reset_checkpoint_selection,array<string>
lakeflow,pipeline_update_timeline,account_id,string
lakeflow,pipelines,workspace_id,string
lakeflow,pipelines,pipeline_id,string
lakeflow,pipelines,pipeline_type,string
lakeflow,pipelines,name,string
lakeflow,pipelines,created_by,string
lakeflow,pipelines,run_as,string
lakeflow,pipelines,tags,"map<string,string>"
lakeflow,pipelines,settings,"struct<photon:boolean,development:boolean,continuous:boolean,serverless:boolean,edition:string,channel:string>"
lakeflow,pipelines,configuration,"map<string,string>"
lakeflow,pipelines,change_time,timestamp
lakeflow,pipelines,delete_time,timestamp
lakeflow,pipelines,account_id,string
lakeflow,pipelines,create_time,timestamp
lakeflow,zerobus_ingest,commit_version,bigint
lakeflow,zerobus_ingest,stream_id,string
lakeflow,zerobus_ingest,workspace_id,string
lakeflow,zerobus_ingest,account_id,string
lakeflow,zerobus_ingest,table_id,string
lakeflow,zerobus_ingest,table_name,string
lakeflow,zerobus_ingest,commit_time,timestamp
lakeflow,zerobus_ingest,committed_bytes,bigint
lakeflow,zerobus_ingest,committed_records,bigint
lakeflow,zerobus_ingest,tags,array<string>
lakeflow,zerobus_ingest,errors,"array<struct<error_code:bigint,error_message:string,timestamp:timestamp>>"
lakeflow,zerobus_stream,stream_id,string
lakeflow,zerobus_stream,event_time,timestamp
lakeflow,zerobus_stream,workspace_id,string
lakeflow,zerobus_stream,account_id,string
lakeflow,zerobus_stream,producer_id,string
lakeflow,zerobus_stream,opened_time,timestamp
lakeflow,zerobus_stream,closed_time,timestamp
lakeflow,zerobus_stream,table_id,string
lakeflow,zerobus_stream,table_name,string
lakeflow,zerobus_stream,protocol,string
lakeflow,zerobus_stream,data_format,string
lakeflow,zerobus_stream,errors,"array<struct<error_code:bigint,error_message:string,timestamp:timestamp>>"
mlflow,experiments_latest,account_id,string
mlflow,experiments_latest,update_time,timestamp
mlflow,experiments_latest,delete_time,timestamp
mlflow,experiments_latest,workspace_id,string
mlflow,experiments_latest,experiment_id,string
mlflow,experiments_latest,name,string
mlflow,experiments_latest,create_time,timestamp
mlflow,run_metrics_history,account_id,string
mlflow,run_metrics_history,insert_time,timestamp
mlflow,run_metrics_history,record_id,string
mlflow,run_metrics_history,workspace_id,string
mlflow,run_metrics_history,experiment_id,string
mlflow,run_metrics_history,run_id,string
mlflow,run_metrics_history,metric_name,string
mlflow,run_metrics_history,metric_time,timestamp
mlflow,run_metrics_history,metric_step,bigint
mlflow,run_metrics_history,metric_value,double
mlflow,runs_latest,account_id,string
mlflow,runs_latest,update_time,timestamp
mlflow,runs_latest,delete_time,timestamp
mlflow,runs_latest,workspace_id,string
mlflow,runs_latest,run_id,string
mlflow,runs_latest,experiment_id,string
mlflow,runs_latest,created_by,string
mlflow,runs_latest,start_time,timestamp
mlflow,runs_latest,end_time,timestamp
mlflow,runs_latest,run_name,string
mlflow,runs_latest,status,string
mlflow,runs_latest,params,"map<string,string>"
mlflow,runs_latest,tags,"map<string,string>"
mlflow,runs_latest,aggregated_metrics,"array<struct<metric_name:string,min_value:double,max_value:double,latest_value:double>>"
query,history,account_id,string
query,history,workspace_id,string
query,history,statement_id,string
query,history,executed_by,string
query,history,session_id,string
query,history,execution_status,string
query,history,compute,"struct<type:string,cluster_id:string,warehouse_id:string>"
query,history,executed_by_user_id,string
query,history,statement_text,string
query,history,statement_type,string
query,history,error_message,string
query,history,client_application,string
query,history,client_driver,string
query,history,total_duration_ms,bigint
query,history,waiting_for_compute_duration_ms,bigint
query,history,waiting_at_capacity_duration_ms,bigint
query,history,execution_duration_ms,bigint
query,history,compilation_duration_ms,bigint
query,history,total_task_duration_ms,bigint
query,history,result_fetch_duration_ms,bigint
query,history,start_time,timestamp
query,history,end_time,timestamp
query,history,update_time,timestamp
query,history,read_partitions,bigint
query,history,pruned_files,bigint
query,history,read_files,bigint
query,history,read_rows,bigint
query,history,produced_rows,bigint
query,history,read_bytes,bigint
query,history,read_io_cache_percent,tinyint
query,history,from_result_cache,boolean
query,history,spilled_local_bytes,bigint
query,history,written_bytes,bigint
query,history,shuffle_read_bytes,bigint
query,history,query_source,"struct<job_info:struct<job_id:string,job_run_id:string,job_task_run_id:string>,legacy_dashboard_id:string,dashboard_id:string,alert_id:string,notebook_id:string,sql_query_id:string,genie_space_id:string,pipeline_info:struct<pipeline_id:string,update_id:string>>"
query,history,executed_as_user_id,string
query,history,executed_as,string
query,history,written_rows,bigint
query,history,written_files,bigint
query,history,cache_origin_statement_id,string
query,history,query_parameters,"struct<named_parameters:map<string,struct<exprs:array<struct<tag:string,data_type:struct<type_name:string,type_ddl:string,redacted_type_ddl:string>,literal:struct<data_type:struct<type_name:string,type_ddl:string,redacted_type_ddl:string>,int_value:int,long_value:bigint,double_value:double,float_value:float,byte_value:int,short_value:int,string_value:string,boolean_value:boolean,decimal_value:struct<value:string,precision:int,scale:int>,binary_value:binary,timestamp_value:bigint,timestamp_ntz_value:bigint,date_value:bigint,calendar_interval_value:struct<months:int,days:int,microseconds:bigint>,day_time_interval_value:bigint,year_month_interval_value:int>,seq_expression:struct<children:array<bigint>>,function:struct<function_name:string,arguments:array<bigint>>,alias:struct<expr:bigint,name:array<string>,metadata:string>,sort_order:struct<child:bigint,direction:string,null_ordering:string>,lambda_function:struct<function:bigint,arguments:array<struct<name_parts:array<string>>>>,window:struct<window_function:bigint,partition_spec:array<bigint>,order_spec:array<bigint>>,unresolved_extract_value:struct<child:bigint,extraction:bigint>,update_fields:struct<struct_expression:bigint,field_name:string,value_expression:bigint>,unresolved_named_lambda_variable:struct<name_parts:array<string>>,named_argument_expression:struct<key:string,value:bigint>,id:bigint>>>>,pos_parameters:array<struct<exprs:array<struct<tag:string,data_type:struct<type_name:string,type_ddl:string,redacted_type_ddl:string>,literal:struct<data_type:struct<type_name:string,type_ddl:string,redacted_type_ddl:string>,int_value:int,long_value:bigint,double_value:double,float_value:float,byte_value:int,short_value:int,string_value:string,boolean_value:boolean,decimal_value:struct<value:string,precision:int,scale:int>,binary_value:binary,timestamp_value:bigint,timestamp_ntz_value:bigint,date_value:bigint,calendar_interval_value:struct<months:int,days:int,microseconds:bigint>,day_time_interval_value:bigint,year_month_interval_value:int>,seq_expression:struct<children:array<bigint>>,function:struct<function_name:string,arguments:array<bigint>>,alias:struct<expr:bigint,name:array<string>,metadata:string>,sort_order:struct<child:bigint,direction:string,null_ordering:string>,lambda_function:struct<function:bigint,arguments:array<struct<name_parts:array<string>>>>,window:struct<window_function:bigint,partition_spec:array<bigint>,order_spec:array<bigint>>,unresolved_extract_value:struct<child:bigint,extraction:bigint>,update_fields:struct<struct_expression:bigint,field_name:string,value_expression:bigint>,unresolved_named_lambda_variable:struct<name_parts:array<string>>,named_argument_expression:struct<key:string,value:bigint>,id:bigint>>>>,truncated:boolean>"
query,history,query_tags,"map<string,string>"
query,history,pruned_files_bytes,bigint
query,history,read_files_bytes,bigint
replication,states,event_id,string
replication,states,event_time,timestamp
replication,states,account_id,string
replication,states,failover_group_name,string
replication,states,replication_state,string
replication,states,errors,"array<struct<error:struct<error_class:string,parameters:map<string,string>,message:string>,affected_assets_counts:array<struct<asset_type:string,failing_count:bigint>>>>"
replication,states,replication_lag_ms,bigint
replication,states,effective_primary_region,string
serving,endpoint_usage,workspace_id,string
serving,endpoint_usage,account_id,string
serving,endpoint_usage,client_request_id,string
serving,endpoint_usage,databricks_request_id,string
serving,endpoint_usage,requester,string
serving,endpoint_usage,status_code,int
serving,endpoint_usage,request_time,timestamp
serving,endpoint_usage,input_token_count,bigint
serving,endpoint_usage,output_token_count,bigint
serving,endpoint_usage,input_character_count,bigint
serving,endpoint_usage,output_character_count,bigint
serving,endpoint_usage,usage_context,"map<string,string>"
serving,endpoint_usage,request_streaming,boolean
serving,endpoint_usage,served_entity_id,string
serving,served_entities,served_entity_id,string
serving,served_entities,account_id,string
serving,served_entities,workspace_id,string
serving,served_entities,created_by,string
serving,served_entities,endpoint_name,string
serving,served_entities,endpoint_id,string
serving,served_entities,served_entity_name,string
serving,served_entities,entity_type,string
serving,served_entities,entity_name,string
serving,served_entities,entity_version,string
serving,served_entities,endpoint_config_version,int
serving,served_entities,task,string
serving,served_entities,external_model_config,struct<provider:string>
serving,served_entities,foundation_model_config,"struct<min_provisioned_throughput:bigint,max_provisioned_throughput:bigint>"
serving,served_entities,custom_model_config,"struct<min_concurrency:int,max_concurrency:int,compute_type:string>"
serving,served_entities,feature_spec_config,"struct<min_concurrency:int,max_concurrency:int,compute_type:string>"
serving,served_entities,change_time,timestamp
serving,served_entities,endpoint_delete_time,timestamp
sharing,materialization_history,sharing_materialization_id,string
sharing,materialization_history,account_id,string
sharing,materialization_history,workspace_id,string
sharing,materialization_history,recipient_name,string
sharing,materialization_history,provider_name,string
sharing,materialization_history,share_name,string
sharing,materialization_history,schema_name,string
sharing,materialization_history,table_name,string
sharing,materialization_history,created_at,timestamp
storage,predictive_optimization_operations_history,account_id,string
storage,predictive_optimization_operations_history,workspace_id,string
storage,predictive_optimization_operations_history,start_time,timestamp
storage,predictive_optimization_operations_history,end_time,timestamp
storage,predictive_optimization_operations_history,metastore_name,string
storage,predictive_optimization_operations_history,metastore_id,string
storage,predictive_optimization_operations_history,catalog_name,string
storage,predictive_optimization_operations_history,schema_name,string
storage,predictive_optimization_operations_history,table_name,string
storage,predictive_optimization_operations_history,table_id,string
storage,predictive_optimization_operations_history,operation_type,string
storage,predictive_optimization_operations_history,operation_id,string
storage,predictive_optimization_operations_history,operation_status,string
storage,predictive_optimization_operations_history,operation_metrics,"map<string,string>"
storage,predictive_optimization_operations_history,usage_unit,string
storage,predictive_optimization_operations_history,usage_quantity,"decimal(38,18)"
data_classification,results,catalog_id,string
data_classification,results,table_id,string
data_classification,results,latest_detected_time,timestamp
data_classification,results,first_detected_time,timestamp
data_classification,results,catalog_name,string
data_classification,results,schema_name,string
data_classification,results,table_name,string
data_classification,results,column_name,string
data_classification,results,data_type,string
data_classification,results,class_tag,string
data_classification,results,samples,array<string>
data_classification,results,confidence,string
data_classification,results,frequency,double
data_classification,results,exclusion_state,string
data_classification,results,class_tag_value,string
data_quality_monitoring,table_results,event_time,timestamp
data_quality_monitoring,table_results,catalog_name,string
data_quality_monitoring,table_results,schema_name,string
data_quality_monitoring,table_results,table_name,string
data_quality_monitoring,table_results,catalog_id,string
data_quality_monitoring,table_results,schema_id,string
data_quality_monitoring,table_results,table_id,string
data_quality_monitoring,table_results,status,string
data_quality_monitoring,table_results,freshness,"struct<status:string,commit_freshness:struct<status:string,error_code:string,last_value:timestamp,predicted_value:timestamp>>"
data_quality_monitoring,table_results,completeness,"struct<status:string,total_row_count:struct<status:string,error_code:string,last_value:bigint,min_predicted_value:bigint,max_predicted_value:bigint>,daily_row_count:struct<status:string,error_code:string,last_value:bigint,min_predicted_value:bigint,max_predicted_value:bigint>>"
data_quality_monitoring,table_results,downstream_impact,"struct<impact_level:int,num_downstream_tables:bigint,num_queries_on_affected_tables:bigint>"
data_quality_monitoring,table_results,root_cause_analysis,"struct<upstream_jobs:array<struct<job_id:string,workspace_id:string,job_name:string,last_run_status:string,run_page_url:string>>>"
data_quality_monitoring,table_results,_internal_debug_info,"struct<event_freshness:struct<status:string,error_code:string,last_event_value:timestamp,predicted_event_value:timestamp,last_event_latency_seconds:bigint,predicted_event_latency_seconds:bigint,event_column:string>,unhealthy_groups:array<struct<group:map<string,string>>>,status_since:timestamp,is_static:boolean,completeness:struct<historical_row_count:array<struct<timestamp:timestamp,row_count:bigint,predicted_value:bigint,predicted_upper_bound:bigint,predicted_lower_bound:bigint>>>,commit_freshness:struct<commit_history:array<struct<version:string,timestamp:timestamp,operation:string,operation_metrics:map<string,string>>>>,custom_sql:array<struct<name:string,column_vars:map<string,string>,sql_query:string,actual_value:double,status:string,violation_type:string,predicted_lower_bound:double,predicted_upper_bound:double,error_code:string,_internal:struct<history:array<struct<timestamp:timestamp,value:double,predicted_value:double,predicted_upper_bound:double,predicted_lower_bound:double>>,model_selection:map<string,string>>>>,rca:array<struct<levels_upstream:int,upstream_table_info:struct<table_id:string,table_status:string>,job_infos:array<struct<workspace_id:string,job_id:string,reason:string>>,pipeline_infos:array<struct<workspace_id:string,pipeline_id:string,reason:string,triggering_job_id:string>>>>,run_cost:struct<pct_of_total_duration:double>,scans_in_last_week_count:bigint,became_healthy_time:timestamp,last_healthy_time:timestamp>"
