bucket,key,version_id,is_latest,is_delete_marker,size,last_modified_date,storage_class,intelligent_tiering_access_tier,is_multipart_uploaded,dt,ingested_at
acme-lakehouse-prod,tables/sales/orders/_delta_log/00000000000000000000.json,v-o-001,true,false,4096,2025-06-01 00:00:00,STANDARD,,false,2026-01-15-01-00,2026-01-15 06:30:00
acme-lakehouse-prod,tables/sales/orders/part-00001.parquet,v-o-002,true,false,214748364800,2025-06-01 00:00:00,STANDARD,,true,2026-01-15-01-00,2026-01-15 06:30:00
acme-lakehouse-prod,tables/sales/orders/part-00002.parquet,v-o-003,true,false,107374182400,2026-01-05 00:00:00,STANDARD,,true,2026-01-15-01-00,2026-01-15 06:30:00
acme-lakehouse-prod,tables/sales/orders/part-00000.parquet,v-o-004,false,false,53687091200,2025-11-01 00:00:00,STANDARD,,true,2026-01-15-01-00,2026-01-15 06:30:00
acme-lakehouse-prod,tables/sales/orders/part-00000.parquet,v-o-005,true,true,0,2026-01-10 00:00:00,STANDARD,,false,2026-01-15-01-00,2026-01-15 06:30:00
acme-lakehouse-prod,tables/sales/orders/part-00003.parquet,v-o-006,false,false,32212254720,2025-09-01 00:00:00,STANDARD,,true,2026-01-15-01-00,2026-01-15 06:30:00
acme-lakehouse-prod,tables/sales/orders/part-00003.parquet,v-o-007,true,false,32212254720,2025-10-01 00:00:00,STANDARD,,true,2026-01-15-01-00,2026-01-15 06:30:00
acme-lakehouse-prod,tables/sales/legacy_orders/_delta_log/00000000000000000000.json,v-l-001,true,false,2048,2024-03-01 00:00:00,STANDARD,,false,2026-01-15-01-00,2026-01-15 06:30:00
acme-lakehouse-prod,tables/sales/legacy_orders/part-00000.parquet,v-l-002,true,false,322122547200,2024-03-01 00:00:00,STANDARD,,true,2026-01-15-01-00,2026-01-15 06:30:00
acme-lakehouse-prod,tables/sales/orders_v2/part-00000.parquet,v-o2-001,true,false,10737418240,2026-01-12 00:00:00,STANDARD,,true,2026-01-15-01-00,2026-01-15 06:30:00
acme-lakehouse-prod,scratch/tmp_join/_delta_log/00000000000000000000.json,v-s-001,true,false,1024,2025-08-01 00:00:00,STANDARD,,false,2026-01-15-01-00,2026-01-15 06:30:00
acme-lakehouse-prod,scratch/tmp_join/part-00000.parquet,v-s-002,true,false,85899345920,2025-08-01 00:00:00,STANDARD,,true,2026-01-15-01-00,2026-01-15 06:30:00
acme-lakehouse-prod,exports/dump.csv,v-e-001,true,false,21474836480,2025-12-20 00:00:00,STANDARD,,true,2026-01-15-01-00,2026-01-15 06:30:00
acme-lakehouse-prod,exports/old.csv,v-e-002,true,true,0,2025-12-01 00:00:00,STANDARD,,false,2026-01-15-01-00,2026-01-15 06:30:00
acme-lakehouse-prod,tables/sales/orders/ghost_from_older_snapshot.parquet,v-g-001,true,false,1099511627776000,2025-01-01 00:00:00,STANDARD,,true,2026-01-14-01-00,2026-01-14 06:30:00
acme-logs,logs/2025/03/app.log.gz,,true,false,536870912000,2025-03-15 00:00:00,STANDARD,,true,2026-01-15-01-00,2026-01-15 06:30:00
acme-logs,logs/2026/01/app.log.gz,,true,false,107374182400,2026-01-14 00:00:00,STANDARD,,true,2026-01-15-01-00,2026-01-15 06:30:00
acme-logs,logs/2025/06/tiny.json,,true,false,10240,2025-06-01 00:00:00,STANDARD_IA,,false,2026-01-15-01-00,2026-01-15 06:30:00
acme-logs,logs/2025/archive.log.gz,,true,false,1099511627776,2025-02-01 00:00:00,INTELLIGENT_TIERING,INFREQUENT,true,2026-01-15-01-00,2026-01-15 06:30:00
acme-archive,backups/2024.tar,v-a-001,true,false,1099511627776,2024-12-31 00:00:00,GLACIER_IR,,true,2026-01-15-01-00,2026-01-15 06:30:00
acme-archive,backups/2025.tar,,true,false,1099511627776,2025-12-31 00:00:00,GLACIER_IR,,true,2026-01-15-01-00,2026-01-15 06:30:00
acme-archive,backups/manifest.json,,true,false,4096,2025-12-30 00:00:00,GLACIER_IR,,false,2026-01-15-01-00,2026-01-15 06:30:00
acme-scratch-current-only,data/blob.bin,,,,1099511627776,2026-01-05 00:00:00,STANDARD,,true,2026-01-15-01-00,2026-01-16 09:00:00
acme-scratch-current-only,data/old_blob.bin,,,,549755813888,2025-01-01 00:00:00,STANDARD,,true,2026-01-15-01-00,2026-01-16 09:00:00
acme-logs,logs/2025/03/app.log.gz,,true,false,536870912000,2025-03-15 00:00:00,STANDARD,,true,2026-01-13-01-00,2026-01-13 06:30:00
acme-logs,logs/2025/archive.log.gz,,true,false,1099511627776,2025-02-01 00:00:00,INTELLIGENT_TIERING,INFREQUENT,true,2026-01-13-01-00,2026-01-13 06:30:00
acme-logs,logs/2025/03/app.log.gz,,true,false,536870912000,2025-03-15 00:00:00,STANDARD,,true,2026-01-14-01-00,2026-01-14 06:30:00
acme-logs,logs/2025/archive.log.gz,,true,false,1099511627776,2025-02-01 00:00:00,INTELLIGENT_TIERING,INFREQUENT,true,2026-01-14-01-00,2026-01-14 06:30:00
acme-archive,backups/2024.tar,v-a-001,true,false,1099511627776,2024-12-31 00:00:00,GLACIER_IR,,true,2026-01-10-01-00,2026-01-10 06:30:00
acme-archive,backups/manifest.json,,true,false,4096,2025-12-30 00:00:00,GLACIER_IR,,false,2026-01-10-01-00,2026-01-10 06:30:00
acme-lakehouse-prod,tables/sales/orders/part-00001.parquet,v-o-002,true,false,214748364800,2025-06-01 00:00:00,STANDARD,,true,2026-01-13-01-00,2026-01-13 06:30:00
acme-lakehouse-prod,tables/sales/legacy_orders/part-00000.parquet,v-l-002,true,false,322122547200,2024-03-01 00:00:00,STANDARD,,true,2026-01-13-01-00,2026-01-13 06:30:00
