pricing_tier,storage_class,price_per_gb_month_usd,monthly_fee_per_1000_objects_usd,min_billable_object_bytes,min_storage_duration_days
STANDARD,STANDARD,0.023,0,0,0
REDUCED_REDUNDANCY,REDUCED_REDUNDANCY,0.024,0,0,0
EXPRESS_ONEZONE,EXPRESS_ONEZONE,0.11,0,0,0
INTELLIGENT_TIERING:FREQUENT,INTELLIGENT_TIERING,0.023,0.0025,0,0
INTELLIGENT_TIERING:INFREQUENT,INTELLIGENT_TIERING,0.0125,0.0025,0,0
INTELLIGENT_TIERING:ARCHIVE_INSTANT_ACCESS,INTELLIGENT_TIERING,0.004,0.0025,0,0
INTELLIGENT_TIERING:ARCHIVE_ACCESS,INTELLIGENT_TIERING,0.0036,0.0025,0,0
INTELLIGENT_TIERING:DEEP_ARCHIVE_ACCESS,INTELLIGENT_TIERING,0.00099,0.0025,0,0
STANDARD_IA,STANDARD_IA,0.0125,0,131072,30
ONEZONE_IA,ONEZONE_IA,0.01,0,131072,30
GLACIER_IR,GLACIER_IR,0.004,0,131072,90
GLACIER,GLACIER,0.0036,0,0,90
DEEP_ARCHIVE,DEEP_ARCHIVE,0.00099,0,0,180
